-- noinspection SpellCheckingInspectionForFile

/*
	This file is run after every migration, so make sure it can be executed multiple times.
	Data source (For MSSQL Server): https://raw.githubusercontent.com/microsoft/sql-server-samples/master/samples/databases/northwind-pubs/instnwnd.sql
*/

DELETE
FROM northwind.products CASCADE;
DELETE
FROM northwind.suppliers;
DELETE
FROM northwind.categories;


INSERT INTO northwind.categories (CategoryID, CategoryName, Description, Picture)
VALUES (1, 'Beverages', 'Soft drinks, coffees, teas, beers, and ales', NULL),
       (2, 'Condiments', 'Sweet and savory sauces, relishes, spreads, and seasonings', ''),
       (3, 'Confections', 'Desserts, candies, and sweet breads', ''),
       (4, 'Dairy Products', 'Cheeses', ''),
       (5, 'Grains/Cereals', 'Breads, crackers, pasta, and cereal', ''),
       (6, 'Meat/Poultry', 'Prepared meats', ''),
       (7, 'Produce', 'Dried fruit and bean curd', ''),
       (8, 'Seafood', 'Seaweed and fish', '');

ALTER SEQUENCE northwind.categories_categoryid_seq RESTART WITH 9;

INSERT INTO northwind.suppliers (SupplierID, CompanyName, ContactName, ContactTitle, Address, City, Region, PostalCode,
                                 Country, Phone, Fax, HomePage)
VALUES (1, 'Exotic Liquids', 'Charlotte Cooper', 'Purchasing Manager', '49 Gilbert St.', 'London', '', 'EC1 4SD',
        'United Kingdom', '(171) 555-2222', '', ''),
       (2, 'New Orleans Cajun Delights', 'Shelley Burke', 'Order Administrator', 'P.O. Box 78934', 'New Orleans', 'LA',
        '70117', 'United States', '(100) 555-4822', '', '#CAJUN.HTM#'),
       (3, 'Grandma Kelly''s Homestead', 'Regina Murphy', 'Sales Representative', '707 Oxford Rd.', 'Ann Arbor', 'MI',
        '48104', 'United States', '(313) 555-5735', '(313) 555-3349', ''),
       (4, 'Tokyo Traders', 'Yoshi Nagase', 'Marketing Manager', '9-8 Sekimai\r\nMUnited Statesshino-shi', 'Tokyo', '',
        '100', 'Japan', '(03) 3555-5011', '', ''),
       (5, 'Cooperativa de Quesos ''Las Cabras''', 'Antonio del Valle Saavedra', 'Export Administrator',
        'Calle del Rosal 4', 'Oviedo', 'Asturias', '33007', 'Spain', '(98) 598 76 54', '', ''),
       (6, 'Mayumi''s', 'Mayumi Ohno', 'Marketing Representative', '92 Setsuko\r\nChuo-ku', 'Osaka', '', '545', 'Japan',
        '(06) 431-7877', '',
        'Mayumi''s (on the World Wide Web)#http://www.microsoft.com/accessdev/sampleapps/mayumi.htm#'),
       (7, 'Pavlova, Ltd.', 'Ian Devling', 'Marketing Manager', '74 Rose St.\r\nMoonie Ponds', 'Melbourne', 'Victoria',
        '3058', 'Australia', '(03) 444-2343', '(03) 444-6588', ''),
       (8, 'Specialty Biscuits, Ltd.', 'Peter Wilson', 'Sales Representative', '29 King''s Way', 'Manchester', '',
        'M14 GSD', 'United Kingdom', '(161) 555-4448', '', ''),
       (9, 'PB Kn?ckebr?d AB', 'Lars Peterson', 'Sales Agent', 'Kaloadagatan 13', 'G?teborg', '', 'S-345 67', 'Sweden',
        '031-987 65 43', '031-987 65 91', ''),
       (10, 'Refrescos Americanas LTDA', 'Carlos Diaz', 'Marketing Manager', 'Av. das Americanas 12.890', 'S?o Paulo',
        '', '5442', 'Brazil', '(11) 555 4640', '', ''),
       (11, 'Heli S??waren GmbH & Co. KG', 'Petra Winkler', 'Sales Manager', 'Tiergartenstra?e 5', 'Berlin', '',
        '10785', 'Germany', '(010) 9984510', '', ''),
       (12, 'Plutzer Lebensmittelgro?m?rkte AG', 'Martin Bein', 'International Marketing Mgr.', 'Bogenallee 51',
        'Frankfurt', '', '60439', 'Germany', '(069) 992755', '',
        'Plutzer (on the World Wide Web)#http://www.microsoft.com/accessdev/sampleapps/plutzer.htm#'),
       (13, 'Nord-Ost-Fisch Handelsgesellschaft mbH', 'Sven Petersen', 'Coordinator Foreign Markets',
        'Frahmredder 112a', 'Cuxhaven', '', '27478', 'Germany', '(04721) 8713', '(04721) 8714', ''),
       (14, 'Formaggi Fortini s.r.l.', 'Elio Rossi', 'Sales Representative', 'Viale Dante, 75', 'Ravenna', '', '48100',
        'Italy', '(0544) 60323', '(0544) 60603', '#FORMAGGI.HTM#'),
       (15, 'Norske Meierier', 'Beate Vileid', 'Marketing Manager', 'Hatlevegen 5', 'Sandvika', '', '1320', 'Norway',
        '(0)2-953010', '', ''),
       (16, 'Bigfoot Breweries', 'Cheryl Saylor', 'Regional Account Rep.', '3400 - 8th Avenue\r\nSuite 210', 'Bend',
        'OR', '97101', 'United States', '(503) 555-9931', '', ''),
       (17, 'Svensk Sj?f?da AB', 'Michael Bj?rn', 'Sales Representative', 'Brovallav?gen 231', 'Stockholm', '',
        'S-123 45', 'Sweden', '08-123 45 67', '', ''),
       (18, 'Aux joyeux eccl?siastiques', 'Guyl?ne Nodier', 'Sales Manager', '203, Rue des Francs-Bourgeois', 'Paris',
        '', '75004', 'France', '(1) 03.83.00.68', '(1) 03.83.00.62', ''),
       (19, 'New England Seafood Cannery', 'Robb Merchant', 'Wholesale Account Agent',
        'Order Processing Dept.\r\n2100 Paul Revere Blvd.', 'Boston', 'MA', '02134', 'United States', '(617) 555-3267',
        '(617) 555-3389', ''),
       (20, 'Leka Trading', 'Chandra Leka', 'Owner', '471 Serangoon Loop, Suite #402', 'Singapore', '', '0512',
        'Singapore', '555-8787', '', ''),
       (21, 'Lyngbysild', 'Niels Petersen', 'Sales Manager', 'Lyngbysild\r\nFiskebakken 10', 'Lyngby', '', '2800',
        'Denmark', '43844108', '43844115', ''),
       (22, 'Zaanse Snoepfabriek', 'Dirk Luchte', 'Accounting Manager', 'Verkoop\r\nRijnweg 22', 'Zaandam', '',
        '9999 ZZ', 'Netherlands', '(12345) 1212', '(12345) 1210', ''),
       (23, 'Karkki Oy', 'Anne Heikkonen', 'Product Manager', 'Valtakatu 12', 'Lappeenranta', '', '53120', 'Finland',
        '(953) 10956', '', ''),
       (24, 'G''day, Mate', 'Wendy Mackenzie', 'Sales Representative', '170 Prince Edward Parade\r\nHunter''s Hill',
        'Sydney', 'NSW', '2042', 'Australia', '(02) 555-5914', '(02) 555-4873',
        'G''day Mate (on the World Wide Web)#http://www.microsoft.com/accessdev/sampleapps/gdaymate.htm#'),
       (25, 'Ma Maison', 'Jean-Guy Lauzon', 'Marketing Manager', '2960 Rue St. Laurent', 'Montr?al', 'Qu?bec',
        'H1J 1C3',
        'Canada', '(514) 555-9022', '', ''),
       (26, 'Pasta Buttini s.r.l.', 'Giovanni Giudici', 'Order Administrator', 'Via dei Gelsomini, 153', 'Salerno', '',
        '84100', 'Italy', '(089) 6547665', '(089) 6547667', ''),
       (27, 'Escargots Nouveaux', 'Marie Delamare', 'Sales Manager', '22, rue H. Voiron', 'Montceau', '', '71300',
        'France', '85.57.00.07', '', ''),
       (28, 'Gai p?turage', 'Eliane Noz', 'Sales Representative', 'Bat. B\r\n3, rue des Alpes', 'Annecy', '', '74000',
        'France', '38.76.98.06', '38.76.98.58', ''),
       (29, 'For?ts d''?rables', 'Chantal Goulet', 'Accounting Manager', '148 rue Chasseur', 'Ste-Hyacinthe', 'Qu?bec',
        'J2S 7S8', 'Canada', '(514) 555-2955', '(514) 555-2921', '');

ALTER SEQUENCE northwind.suppliers_supplierid_seq RESTART WITH 30;


INSERT INTO northwind.products (ProductID, ProductName, SupplierID, CategoryID, QuantityPerUnit, UnitPrice,
                                UnitsInStock, UnitsOnOrder, ReorderLevel, Discontinued)
VALUES (1, 'Chai', 1, 1, '10 boxes x 20 bags', 0, 39, 0, 10, false),
       (2, 'Chang', 1, 1, '24 - 12 oz bottles', 0, 17, 40, 25, false),
       (3, 'Aniseed Syrup', 1, 2, '12 - 550 ml bottles', 0, 13, 70, 25, false),
       (4,
        'Chef Anton''s Cajun Seasoning',
        2,
        2,
        '48 - 6 oz jars',
        0,
        53,
        0,
        0,
        false),
       (5, 'Chef Anton''s Gumbo Mix', 2, 2, '36 boxes', 0, 0, 0, 0, true),
       (6,
        'Grandma''s Boysenberry Spread',
        3,
        2,
        '12 - 8 oz jars',
                                                                                                                                                                            0,
                                                                                                                                                                            120,
                                                                                                                                                                            0,
                                                                                                                                                                            25,
                                                                                                                                                                            false),
                                                                                                                                                                           (7,
                                                                                                                                                                            'Uncle Bob''s Organic Dried Pears',
                                                                                                                                                                            3,
                                                                                                                                                                            7,
                                                                                                                                                                            '12 - 1 lb pkgs.',
                                                                                                                                                                            0,
                                                                                                                                                                            15,
                                                                                                                                                                            0,
                                                                                                                                                                            10,
                                                                                                                                                                            false),
                                                                                                                                                                           (8,
                                                                                                                                                                            'Northwoods Cranberry Sauce',
                                                                                                                                                                            3,
                                                                                                                                                                            2,
                                                                                                                                                                            '12 - 12 oz jars',
                                                                                                                                                                            0,
                                                                                                                                                                            6,
                                                                                                                                                                            0,
                                                                                                                                                                            0,
                                                                                                                                                                            false),
                                                                                                                                                                           (9, 'Mishi Kobe Niku', 4, 6, '18 - 500 g pkgs.', 0, 29, 0, 0, true),
                                                                                                                                                                           (10, 'Ikura', 4, 8, '12 - 200 ml jars', 0, 31, 0, 0, false),
                                                                                                                                                                           (11, 'Queso Cabrales', 5, 4, '1 kg pkg.', 0, 22, 30, 30, false),
                                                                                                                                                                           (12,
                                                                                                                                                                            'Queso Manchego La Pastora',
                                                                                                                                                                            5,
                                                                                                                                                                            4,
                                                                                                                                                                            '10 - 500 g pkgs.',
                                                                                                                                                                            0,
                                                                                                                                                                            86,
                                                                                                                                                                            0,
                                                                                                                                                                            0,
                                                                                                                                                                            false),
                                                                                                                                                                           (13, 'Konbu', 6, 8, '2 kg box', 0, 24, 0, 5, false),
                                                                                                                                                                           (14, 'Tofu', 6, 7, '40 - 100 g pkgs.', 0, 35, 0, 0, false),
                                                                                                                                                                           (15, 'Genen Shouyu', 6, 2, '24 - 250 ml bottles', 0, 39, 0, 5, false),
                                                                                                                                                                           (16, 'Pavlova', 7, 3, '32 - 500 g boxes', 0, 29, 0, 10, false),
                                                                                                                                                                           (17, 'Alice Mutton', 7, 6, '20 - 1 kg tins', 0, 0, 0, 0, true),
                                                                                                                                                                           (18, 'Carnarvon Tigers', 7, 8, '16 kg pkg.', 0, 42, 0, 0, false),
                                                                                                                                                                           (19,
                                                                                                                                                                            'Teatime Chocolate Biscuits',
                                                                                                                                                                            8,
                                                                                                                                                                            3,
                                                                                                                                                                            '10 boxes x 12 pieces',
                                                                                                                                                                            0,
                                                                                                                                                                            25,
                                                                                                                                                                            0,
                                                                                                                                                                            5,
                                                                                                                                                                            false),
                                                                                                                                                                           (20,
                                                                                                                                                                            'Sir Rodney''s Marmalade',
                                                                                                                                                                            8,
                                                                                                                                                                            3,
                                                                                                                                                                            '30 gift boxes',
                                                                                                                                                                            0,
                                                                                                                                                                            40,
                                                                                                                                                                            0,
                                                                                                                                                                            0,
                                                                                                                                                                            false),
                                                                                                                                                                           (21,
                                                                                                                                                                            'Sir Rodney''s Scones',
                                                                                                                                                                            8,
                                                                                                                                                                            3,
                                                                                                                                                                            '24 pkgs. x 4 pieces',
                                                                                                                                                                            0,
                                                                                                                                                                            3,
                                                                                                                                                                            40,
                                                                                                                                                                            5,
                                                                                                                                                                            false),
                                                                                                                                                                           (22,
                                                                                                                                                                            'Gustaf''s Kn?ckebr?d',
                                                                                                                                                                            9,
                                                                                                                                                                            5,
                                                                                                                                                                            '24 - 500 g pkgs.',
                                                                                                                                                                            0,
                                                                                                                                                                            104,
                                                                                                                                                                            0,
                                                                                                                                                                            25,
                                                                                                                                                                            false),
                                                                                                                                                                           (23, 'Tunnbr?d', 9, 5, '12 - 250 g pkgs.', 0, 61, 0, 25, false),
                                                                                                                                                                           (24,
                                                                                                                                                                            'Guaran? Fant?stica',
                                                                                                                                                                            10,
                                                                                                                                                                            1,
                                                                                                                                                                            '12 - 355 ml cans',
                                                                                                                                                                            0,
                                                                                                                                                                            20,
                                                                                                                                                                            0,
                                                                                                                                                                            0,
                                                                                                                                                                            true),
                                                                                                                                                                           (25,
                                                                                                                                                                            'NuNuCa Nu?-Nougat-Creme',
                                                                                                                                                                            11,
                                                                                                                                                                            3,
                                                                                                                                                                            '20 - 450 g glasses',
                                                                                                                                                                            0,
                                                                                                                                                                            76,
                                                                                                                                                                            0,
                                                                                                                                                                            30,
                                                                                                                                                                            false),
                                                                                                                                                                           (26,
                                                                                                                                                                            'Gumb?r Gummib?rchen',
                                                                                                                                                                            11,
                                                                                                                                                                            3,
                                                                                                                                                                            '100 - 250 g bags',
                                                                                                                                                                            0,
                                                                                                                                                                            15,
                                                                                                                                                                            0,
                                                                                                                                                                            0,
                                                                                                                                                                            false),
                                                                                                                                                                           (27,
                                                                                                                                                                            'Schoggi Schokolade',
                                                                                                                                                                            11,
                                                                                                                                                                            3,
                                                                                                                                                                            '100 - 100 g pieces',
                                                                                                                                                                            0,
                                                                                                                                                                            49,
                                                                                                                                                                            0,
                                                                                                                                                                            30,
                                                                                                                                                                            false),
                                                                                                                                                                           (28, 'R?ssle Sauerkraut', 12, 7, '25 - 825 g cans', 0, 26, 0, 0, true),
                                                                                                                                                                           (29,
                                                                                                                                                                            'Th?ringer Rostbratwurst',
                                                                                                                                                                            12,
                                                                                                                                                                            6,
                                                                                                                                                                            '50 bags x 30 sausgs.',
                                                                                                                                                                            0,
                                                                                                                                                                            0,
                                                                                                                                                                            0,
                                                                                                                                                                            0,
                                                                                                                                                                            true),
                                                                                                                                                                           (30,
                                                                                                                                                                            'Nord-Ost Matjeshering',
                                                                                                                                                                            13,
                                                                                                                                                                            8,
                                                                                                                                                                            '10 - 200 g glasses',
                                                                                                                                                                            0,
                                                                                                                                                                            10,
                                                                                                                                                                            0,
                                                                                                                                                                            15,
                                                                                                                                                                            false),
                                                                                                                                                                           (31,
                                                                                                                                                                            'Gorgonzola Telino',
                                                                                                                                                                            14,
                                                                                                                                                                            4,
                                                                                                                                                                            '12 - 100 g pkgs',
                                                                                                                                                                            0,
                                                                                                                                                                            0,
                                                                                                                                                                            70,
                                                                                                                                                                            20,
                                                                                                                                                                            false),
                                                                                                                                                                           (32,
                                                                                                                                                                            'Mascarpone Fabioli',
                                                                                                                                                                            14,
                                                                                                                                                                            4,
                                                                                                                                                                            '24 - 200 g pkgs.',
                                                                                                                                                                            0,
                                                                                                                                                                            9,
                                                                                                                                                                            40,
                                                                                                                                                                            25,
                                                                                                                                                                            false),
                                                                                                                                                                           (33, 'Geitost', 15, 4, '500 g', 0, 112, 0, 20, false),
                                                                                                                                                                           (34,
                                                                                                                                                                            'Sasquatch Ale',
                                                                                                                                                                            16,
                                                                                                                                                                            1,
                                                                                                                                                                            '24 - 12 oz bottles',
                                                                                                                                                                            0,
                                                                                                                                                                            111,
                                                                                                                                                                            0,
                                                                                                                                                                            15,
                                                                                                                                                                            false),
                                                                                                                                                                           (35,
                                                                                                                                                                            'Steeleye Stout',
                                                                                                                                                                            16,
                                                                                                                                                                            1,
                                                                                                                                                                            '24 - 12 oz bottles',
                                                                                                                                                                            0,
                                                                                                                                                                            20,
                                                                                                                                                                            0,
                                                                                                                                                                            15,
                                                                                                                                                                            false),
                                                                                                                                                                           (36, 'Inlagd Sill', 17, 8, '24 - 250 g  jars', 0, 112, 0, 20, false),
                                                                                                                                                                           (37, 'Gravad lax', 17, 8, '12 - 500 g pkgs.', 0, 11, 50, 25, false),
                                                                                                                                                                           (38, 'C?te de Blaye', 18, 1, '12 - 75 cl bottles', 0, 17, 0, 15, false),
                                                                                                                                                                           (39,
                                                                                                                                                                            'Chartreuse verte',
                                                                                                                                                                            18,
                                                                                                                                                                            1,
                                                                                                                                                                            '750 cc per bottle',
                                                                                                                                                                            0,
                                                                                                                                                                            69,
                                                                                                                                                                            0,
                                                                                                                                                                            5,
                                                                                                                                                                            false),
                                                                                                                                                                           (40, 'Boston Crab Meat', 19, 8, '24 - 4 oz tins', 0, 123, 0, 30, false),
                                                                                                                                                                           (41,
                                                                                                                                                                            'Jack''s New England Clam Chowder',
                                                                                                                                                                            19,
                                                                                                                                                                            8,
                                                                                                                                                                            '12 - 12 oz cans',
                                                                                                                                                                            0,
                                                                                                                                                                            85,
                                                                                                                                                                            0,
                                                                                                                                                                            10,
                                                                                                                                                                            false),
                                                                                                                                                                           (42,
                                                                                                                                                                            'Singaporean Hokkien Fried Mee',
                                                                                                                                                                            20,
                                                                                                                                                                            5,
                                                                                                                                                                            '32 - 1 kg pkgs.',
                                                                                                                                                                            0,
                                                                                                                                                                            26,
                                                                                                                                                                            0,
                                                                                                                                                                            0,
                                                                                                                                                                            true),
                                                                                                                                                                           (43, 'Ipoh Coffee', 20, 1, '16 - 500 g tins', 0, 17, 10, 25, false),
                                                                                                                                                                           (44, 'Gula Malacca', 20, 2, '20 - 2 kg bags', 0, 27, 0, 15, false),
                                                                                                                                                                           (45, 'R?gede sild', 21, 8, '1k pkg.', 0, 5, 70, 15, false),
                                                                                                                                                                           (46, 'Spegesild', 21, 8, '4 - 450 g glasses', 0, 95, 0, 0, false),
                                                                                                                                                                           (47, 'Zaanse koeken', 22, 3, '10 - 4 oz boxes', 0, 36, 0, 0, false),
                                                                                                                                                                           (48, 'Chocolade', 22, 3, '10 pkgs.', 0, 15, 70, 25, false),
                                                                                                                                                                           (49, 'Maxilaku', 23, 3, '24 - 50 g pkgs.', 0, 10, 60, 15, false),
                                                                                                                                                                           (50, 'Valkoinen suklaa', 23, 3, '12 - 100 g bars', 0, 65, 0, 30, false),
                                                                                                                                                                           (51,
                                                                                                                                                                            'Manjimup Dried Apples',
                                                                                                                                                                            24,
                                                                                                                                                                            7,
                                                                                                                                                                            '50 - 300 g pkgs.',
                                                                                                                                                                            0,
                                                                                                                                                                            20,
                                                                                                                                                                            0,
                                                                                                                                                                            10,
                                                                                                                                                                            false),
                                                                                                                                                                           (52, 'Filo Mix', 24, 5, '16 - 2 kg boxes', 0, 38, 0, 25, false),
                                                                                                                                                                           (53, 'Perth Pasties', 24, 6, '48 pieces', 0, 0, 0, 0, true),
                                                                                                                                                                           (54, 'Tourti?re', 25, 6, '16 pies', 0, 21, 0, 10, false),
                                                                                                                                                                           (55, 'P?t? chinois', 25, 6, '24 boxes x 2 pies', 0, 115, 0, 20, false),
                                                                                                                                                                           (56,
                                                                                                                                                                            'Gnocchi di nonna Alice',
                                                                                                                                                                            26,
                                                                                                                                                                            5,
                                                                                                                                                                            '24 - 250 g pkgs.',
                                                                                                                                                                            0,
                                                                                                                                                                            21,
                                                                                                                                                                            10,
                                                                                                                                                                            30,
                                                                                                                                                                            false),
                                                                                                                                                                           (57, 'Ravioli Angelo', 26, 5, '24 - 250 g pkgs.', 0, 36, 0, 20, false),
                                                                                                                                                                           (58, 'Escargots de Bourgogne', 27, 8, '24 pieces', 0, 62, 0, 20, false),
                                                                                                                                                                           (59, 'Raclette Courdavault', 28, 4, '5 kg pkg.', 0, 79, 0, 0, false),
                                                                                                                                                                           (60,
                                                                                                                                                                            'Camembert Pierrot',
                                                                                                                                                                            28,
                                                                                                                                                                            4,
                                                                                                                                                                            '15 - 300 g rounds',
                                                                                                                                                                            0,
                                                                                                                                                                            19,
                                                                                                                                                                            0,
                                                                                                                                                                            0,
                                                                                                                                                                            false),
                                                                                                                                                                           (61,
                                                                                                                                                                            'Sirop d''?rable',
                                                                                                                                                                            29,
                                                                                                                                                                            2,
                                                                                                                                                                            '24 - 500 ml bottles',
                                                                                                                                                                            0,
                                                                                                                                                                            113,
                                                                                                                                                                            0,
                                                                                                                                                                            25,
                                                                                                                                                                            false),
                                                                                                                                                                           (62, 'Tarte au sucre', 29, 3, '48 pies', 0, 17, 0, 0, false),
                                                                                                                                                                           (63, 'Vegie-spread', 7, 2, '15 - 625 g jars', 0, 24, 0, 5, false),
                                                                                                                                                                           (64,
                                                                                                                                                                            'Wimmers gute Semmelkn?del',
                                                                                                                                                                            12,
                                                                                                                                                                            5,
                                                                                                                                                                            '20 bags x 4 pieces',
                                                                                                                                                                            0,
                                                                                                                                                                            22,
                                                                                                                                                                            80,
                                                                                                                                                                            30,
                                                                                                                                                                            false),
                                                                                                                                                                           (65,
                                                                                                                                                                            'Louisiana Fiery Hot Pepper Sauce',
                                                                                                                                                                            2,
                                                                                                                                                                            2,
                                                                                                                                                                            '32 - 8 oz bottles',
                                                                                                                                                                            0,
                                                                                                                                                                            76,
                                                                                                                                                                            0,
                                                                                                                                                                            0,
                                                                                                                                                                            false),
                                                                                                                                                                           (66,
                                                                                                                                                                            'Louisiana Hot Spiced Okra',
                                                                                                                                                                            2,
                                                                                                                                                                            2,
                                                                                                                                                                            '24 - 8 oz jars',
                                                                                                                                                                            0,
                                                                                                                                                                            4,
                                                                                                                                                                            100,
                                                                                                                                                                            20,
                                                                                                                                                                            false),
                                                                                                                                                                           (67,
                                                                                                                                                                            'Laughing Lumberjack Lager',
                                                                                                                                                                            16,
                                                                                                                                                                            1,
                                                                                                                                                                            '24 - 12 oz bottles',
                                                                                                                                                                            0,
                                                                                                                                                                            52,
                                                                                                                                                                            0,
                                                                                                                                                                            10,
                                                                                                                                                                            false),
                                                                                                                                                                           (68,
                                                                                                                                                                            'Scottish Longbreads',
                                                                                                                                                                            8,
                                                                                                                                                                            3,
                                                                                                                                                                            '10 boxes x 8 pieces',
                                                                                                                                                                            0,
                                                                                                                                                                            6,
                                                                                                                                                                            10,
                                                                                                                                                                            15,
                                                                                                                                                                            false),
                                                                                                                                                                           (69, 'Gudbrandsdalsost', 15, 4, '10 kg pkg.', 0, 26, 0, 15, false),
                                                                                                                                                                           (70,
                                                                                                                                                                            'Outback Lager',
                                                                                                                                                                            7,
                                                                                                                                                                            1,
                                                                                                                                                                            '24 - 355 ml bottles',
                                                                                                                                                                            0,
                                                                                                                                                                            15,
                                                                                                                                                                            10,
                                                                                                                                                                            30,
                                                                                                                                                                            false),
                                                                                                                                                                           (71, 'Fl?temysost', 15, 4, '10 - 500 g pkgs.', 0, 26, 0, 0, false),
                                                                                                                                                                           (72,
                                                                                                                                                                            'Mozzarella di Giovanni',
                                                                                                                                                                            14,
                                                                                                                                                                            4,
                                                                                                                                                                            '24 - 200 g pkgs.',
                                                                                                                                                                            0,
                                                                                                                                                                            14,
                                                                                                                                                                            0,
                                                                                                                                                                            0,
                                                                                                                                                                            false),
                                                                                                                                                                           (73, 'R?d Kaviar', 17, 8, '24 - 150 g jars', 0, 101, 0, 5, false),
                                                                                                                                                                           (74, 'Longlife Tofu', 4, 7, '5 kg pkg.', 0, 4, 20, 5, false),
                                                                                                                                                                           (75,
                                                                                                                                                                            'Rh?nbr?u Klosterbier',
                                                                                                                                                                            12,
                                                                                                                                                                            1,
                                                                                                                                                                            '24 - 0.5 l bottles',
                                                                                                                                                                            0,
                                                                                                                                                                            125,
                                                                                                                                                                            0,
                                                                                                                                                                            25,
                                                                                                                                                                            false),
                                                                                                                                                                           (76, 'Lakkalik??ri', 23, 1, '500 ml', 0, 57, 0, 20, false),
                                                                                                                                                                           (77,
                                                                                                                                                                            'Original Frankfurter gr?ne So?e',
                                                                                                                                                                            12,
                                                                                                                                                                            2,
                                                                                                                                                                            '12 boxes',
                                                                                                                                                                            0,
                                                                                                                                                                            32,
                                                                                                                                                                            0,
                                                                                                                                                                            15,
                                                                                                                                                                            false);

ALTER SEQUENCE northwind.products_productid_seq RESTART WITH 78;
